{
  "lora_config": "configs/E15b_qwen2/q.yaml",
  "data_config": "configs/data/gsm8k_train.yaml",
  "train_config": "configs/train/full.yaml",
  "save_dir": "/workspace/lora-qwen/checkpoints/headroom/qwen2_1.5b/e1_q",
  "model_name": "Qwen/Qwen2-1.5B",
  "backend": "custom",
  "device": "cuda",
  "transformers_version": "5.12.1",
  "dataset": "gsm8k_train",
  "data_split": "train",
  "max_examples": null,
  "train_prompt": "instruct",
  "max_length": 1024,
  "train": {
    "num_epochs": 1,
    "learning_rate": 0.0002,
    "lr_schedule": "cosine",
    "weight_decay": 0.0,
    "warmup_ratio": 0.03,
    "per_device_batch_size": 4,
    "grad_accum_steps": 2,
    "seed": 0
  },
  "lora": {
    "target_modules": [
      "q_proj"
    ],
    "rank": 29,
    "alpha": 58,
    "dropout": 0.05,
    "scaling": 2.0,
    "matched_modules": 28,
    "per_target": {
      "q_proj": 28
    },
    "expected_trainable_params": 2494464,
    "total_params": 1543714304,
    "pct_of_total": 0.16158844894657398,
    "actual_trainable_params": 2494464
  },
  "steps_done": 809,
  "wall_time_sec": 375.0416348550061,
  "final_loss": 0.26396474407778847,
  "loss_curve": [
    [
      50,
      0.4238861204683781
    ],
    [
      100,
      0.2636598539352417
    ],
    [
      150,
      0.270933770686388
    ],
    [
      200,
      0.2460401190072298
    ],
    [
      250,
      0.2637474329769611
    ],
    [
      300,
      0.2508822213113308
    ],
    [
      350,
      0.2785456686466932
    ],
    [
      400,
      0.24793513648211957
    ],
    [
      450,
      0.25483023181557657
    ],
    [
      500,
      0.25204741433262823
    ],
    [
      550,
      0.23663139283657075
    ],
    [
      600,
      0.23907763592898845
    ],
    [
      650,
      0.2605856536328793
    ],
    [
      700,
      0.26160838395357133
    ],
    [
      750,
      0.2601816347241402
    ],
    [
      800,
      0.24381674960255623
    ],
    [
      809,
      0.26396474407778847
    ]
  ],
  "dev_curve": [
    {
      "epoch": 1,
      "checkpoint": "/workspace/lora-qwen/checkpoints/headroom/qwen2_1.5b/e1_q_ep1",
      "dev_accuracy": 0.792,
      "dev_correct": 396,
      "dev_total": 500
    }
  ],
  "step_curve": [],
  "eval_every_steps": null
}