{
  "lora_config": "configs/E15b_qwen2/attention.yaml",
  "data_config": "configs/data/gsm8k_train.yaml",
  "train_config": "configs/train/full.yaml",
  "save_dir": "/workspace/lora-qwen/checkpoints/headroom/qwen2_1.5b/e2_attention_r64",
  "model_name": "Qwen/Qwen2-1.5B",
  "backend": "custom",
  "device": "cuda",
  "transformers_version": "5.12.1",
  "dataset": "gsm8k_train",
  "data_split": "train",
  "max_examples": null,
  "train_prompt": "instruct",
  "max_length": 1024,
  "train": {
    "num_epochs": 1,
    "learning_rate": 0.0002,
    "lr_schedule": "cosine",
    "weight_decay": 0.0,
    "warmup_ratio": 0.03,
    "per_device_batch_size": 4,
    "grad_accum_steps": 2,
    "seed": 0
  },
  "lora": {
    "target_modules": [
      "q_proj",
      "k_proj",
      "v_proj",
      "o_proj"
    ],
    "rank": 64,
    "alpha": 128,
    "dropout": 0.05,
    "scaling": 2.0,
    "matched_modules": 112,
    "per_target": {
      "q_proj": 28,
      "k_proj": 28,
      "v_proj": 28,
      "o_proj": 28
    },
    "expected_trainable_params": 17432576,
    "total_params": 1543714304,
    "pct_of_total": 1.1292618041323792,
    "actual_trainable_params": 17432576
  },
  "steps_done": 809,
  "wall_time_sec": 385.53460374000133,
  "final_loss": 0.257525278462304,
  "loss_curve": [
    [
      50,
      0.33042419143021107
    ],
    [
      100,
      0.2610467380285263
    ],
    [
      150,
      0.2739981134235859
    ],
    [
      200,
      0.24881170324981214
    ],
    [
      250,
      0.2655103850364685
    ],
    [
      300,
      0.25403473116457465
    ],
    [
      350,
      0.28293328151106834
    ],
    [
      400,
      0.2507414811849594
    ],
    [
      450,
      0.2566709803044796
    ],
    [
      500,
      0.2520592540502548
    ],
    [
      550,
      0.23697444826364517
    ],
    [
      600,
      0.23625766828656197
    ],
    [
      650,
      0.2583584663271904
    ],
    [
      700,
      0.26114584870636465
    ],
    [
      750,
      0.2565239829570055
    ],
    [
      800,
      0.2411404286324978
    ],
    [
      809,
      0.257525278462304
    ]
  ],
  "dev_curve": [
    {
      "epoch": 1,
      "checkpoint": "/workspace/lora-qwen/checkpoints/headroom/qwen2_1.5b/e2_attention_r64_ep1",
      "dev_accuracy": 0.778,
      "dev_correct": 389,
      "dev_total": 500
    }
  ],
  "step_curve": [],
  "eval_every_steps": null
}