{
  "lora_config": "configs/E15b_qwen2/attention.yaml",
  "data_config": "configs/data/gsm8k_train.yaml",
  "train_config": "configs/train/full.yaml",
  "save_dir": "/workspace/lora-qwen/checkpoints/headroom/qwen2_1.5b/e2_attention_r8",
  "model_name": "Qwen/Qwen2-1.5B",
  "backend": "custom",
  "device": "cuda",
  "transformers_version": "5.12.1",
  "dataset": "gsm8k_train",
  "data_split": "train",
  "max_examples": null,
  "train_prompt": "instruct",
  "max_length": 1024,
  "train": {
    "num_epochs": 1,
    "learning_rate": 0.0002,
    "lr_schedule": "cosine",
    "weight_decay": 0.0,
    "warmup_ratio": 0.03,
    "per_device_batch_size": 4,
    "grad_accum_steps": 2,
    "seed": 0
  },
  "lora": {
    "target_modules": [
      "q_proj",
      "k_proj",
      "v_proj",
      "o_proj"
    ],
    "rank": 8,
    "alpha": 16,
    "dropout": 0.05,
    "scaling": 2.0,
    "matched_modules": 112,
    "per_target": {
      "q_proj": 28,
      "k_proj": 28,
      "v_proj": 28,
      "o_proj": 28
    },
    "expected_trainable_params": 2179072,
    "total_params": 1543714304,
    "pct_of_total": 0.1411577255165474,
    "actual_trainable_params": 2179072
  },
  "steps_done": 809,
  "wall_time_sec": 384.47897973399085,
  "final_loss": 0.2573460733724965,
  "loss_curve": [
    [
      50,
      0.3896558654308319
    ],
    [
      100,
      0.2556440707296133
    ],
    [
      150,
      0.2654714749008417
    ],
    [
      200,
      0.24055560760200023
    ],
    [
      250,
      0.25733941197395327
    ],
    [
      300,
      0.24638747744262218
    ],
    [
      350,
      0.27359319798648357
    ],
    [
      400,
      0.24354986317455768
    ],
    [
      450,
      0.25022564351558685
    ],
    [
      500,
      0.24747530817985536
    ],
    [
      550,
      0.23324171774089336
    ],
    [
      600,
      0.23440006777644157
    ],
    [
      650,
      0.2559032741934061
    ],
    [
      700,
      0.25778354458510877
    ],
    [
      750,
      0.2546074900776148
    ],
    [
      800,
      0.2392859695106745
    ],
    [
      809,
      0.2573460733724965
    ]
  ],
  "dev_curve": [
    {
      "epoch": 1,
      "checkpoint": "/workspace/lora-qwen/checkpoints/headroom/qwen2_1.5b/e2_attention_r8_ep1",
      "dev_accuracy": 0.814,
      "dev_correct": 407,
      "dev_total": 500
    }
  ],
  "step_curve": [],
  "eval_every_steps": null
}