{
  "lora_config": "configs/E15b_qwen2/attention.yaml",
  "data_config": "configs/data/gsm8k_train.yaml",
  "train_config": "configs/train/full.yaml",
  "save_dir": "/workspace/lora-qwen/checkpoints/headroom/qwen2_1.5b/e2_attention_r2",
  "model_name": "Qwen/Qwen2-1.5B",
  "backend": "custom",
  "device": "cuda",
  "transformers_version": "5.12.1",
  "dataset": "gsm8k_train",
  "data_split": "train",
  "max_examples": null,
  "train_prompt": "instruct",
  "max_length": 1024,
  "train": {
    "num_epochs": 1,
    "learning_rate": 0.0002,
    "lr_schedule": "cosine",
    "weight_decay": 0.0,
    "warmup_ratio": 0.03,
    "per_device_batch_size": 4,
    "grad_accum_steps": 2,
    "seed": 0
  },
  "lora": {
    "target_modules": [
      "q_proj",
      "k_proj",
      "v_proj",
      "o_proj"
    ],
    "rank": 2,
    "alpha": 4,
    "dropout": 0.05,
    "scaling": 2.0,
    "matched_modules": 112,
    "per_target": {
      "q_proj": 28,
      "k_proj": 28,
      "v_proj": 28,
      "o_proj": 28
    },
    "expected_trainable_params": 544768,
    "total_params": 1543714304,
    "pct_of_total": 0.03528943137913685,
    "actual_trainable_params": 544768
  },
  "steps_done": 809,
  "wall_time_sec": 390.2919577529974,
  "final_loss": 0.26013412119613755,
  "loss_curve": [
    [
      50,
      0.4449706897139549
    ],
    [
      100,
      0.2595388855785131
    ],
    [
      150,
      0.26756432026624677
    ],
    [
      200,
      0.24290132880210877
    ],
    [
      250,
      0.2595311267673969
    ],
    [
      300,
      0.24828451052308081
    ],
    [
      350,
      0.27574456967413424
    ],
    [
      400,
      0.24549649871885776
    ],
    [
      450,
      0.2528091052919626
    ],
    [
      500,
      0.2503748091310263
    ],
    [
      550,
      0.2356120988726616
    ],
    [
      600,
      0.2377709725499153
    ],
    [
      650,
      0.25850639209151266
    ],
    [
      700,
      0.2605181083828211
    ],
    [
      750,
      0.2578213530778885
    ],
    [
      800,
      0.2420232765376568
    ],
    [
      809,
      0.26013412119613755
    ]
  ],
  "dev_curve": [
    {
      "epoch": 1,
      "checkpoint": "/workspace/lora-qwen/checkpoints/headroom/qwen2_1.5b/e2_attention_r2_ep1",
      "dev_accuracy": 0.818,
      "dev_correct": 409,
      "dev_total": 500
    }
  ],
  "step_curve": [],
  "eval_every_steps": null
}