{
  "lora_config": "configs/E15b_qwen2/attention.yaml",
  "data_config": "configs/data/gsm8k_train.yaml",
  "train_config": "configs/train/full.yaml",
  "save_dir": "/workspace/lora-qwen/checkpoints/headroom/qwen2_1.5b/e2_attention_r1",
  "model_name": "Qwen/Qwen2-1.5B",
  "backend": "custom",
  "device": "cuda",
  "transformers_version": "5.12.1",
  "dataset": "gsm8k_train",
  "data_split": "train",
  "max_examples": null,
  "train_prompt": "instruct",
  "max_length": 1024,
  "train": {
    "num_epochs": 1,
    "learning_rate": 0.0002,
    "lr_schedule": "cosine",
    "weight_decay": 0.0,
    "warmup_ratio": 0.03,
    "per_device_batch_size": 4,
    "grad_accum_steps": 2,
    "seed": 0
  },
  "lora": {
    "target_modules": [
      "q_proj",
      "k_proj",
      "v_proj",
      "o_proj"
    ],
    "rank": 1,
    "alpha": 2,
    "dropout": 0.05,
    "scaling": 2.0,
    "matched_modules": 112,
    "per_target": {
      "q_proj": 28,
      "k_proj": 28,
      "v_proj": 28,
      "o_proj": 28
    },
    "expected_trainable_params": 272384,
    "total_params": 1543714304,
    "pct_of_total": 0.017644715689568425,
    "actual_trainable_params": 272384
  },
  "steps_done": 809,
  "wall_time_sec": 379.77533384900016,
  "final_loss": 0.2627945877611637,
  "loss_curve": [
    [
      50,
      0.48031499460339544
    ],
    [
      100,
      0.2642453198134899
    ],
    [
      150,
      0.2687187437713146
    ],
    [
      200,
      0.2440920266509056
    ],
    [
      250,
      0.26116261780261996
    ],
    [
      300,
      0.24937582045793533
    ],
    [
      350,
      0.2768610168993473
    ],
    [
      400,
      0.24669267304241657
    ],
    [
      450,
      0.25439937368035315
    ],
    [
      500,
      0.25196742117404936
    ],
    [
      550,
      0.23689521066844463
    ],
    [
      600,
      0.2393641509860754
    ],
    [
      650,
      0.2603010522574186
    ],
    [
      700,
      0.2616877094656229
    ],
    [
      750,
      0.2596405452489853
    ],
    [
      800,
      0.2436313083022833
    ],
    [
      809,
      0.2627945877611637
    ]
  ],
  "dev_curve": [
    {
      "epoch": 1,
      "checkpoint": "/workspace/lora-qwen/checkpoints/headroom/qwen2_1.5b/e2_attention_r1_ep1",
      "dev_accuracy": 0.826,
      "dev_correct": 413,
      "dev_total": 500
    }
  ],
  "step_curve": [],
  "eval_every_steps": null
}