{
  "lora_config": "configs/E15b_qwen2/q.yaml",
  "data_config": "configs/data/gsm8k_train.yaml",
  "train_config": "configs/train/full.yaml",
  "save_dir": "/workspace/lora-qwen/checkpoints/headroom/qwen2_1.5b/lr_2em04",
  "model_name": "Qwen/Qwen2-1.5B",
  "backend": "custom",
  "device": "cuda",
  "transformers_version": "5.12.1",
  "dataset": "gsm8k_train",
  "data_split": "train",
  "max_examples": null,
  "train_prompt": "instruct",
  "max_length": 1024,
  "train": {
    "num_epochs": 1,
    "learning_rate": 0.0002,
    "lr_schedule": "cosine",
    "weight_decay": 0.0,
    "warmup_ratio": 0.03,
    "per_device_batch_size": 4,
    "grad_accum_steps": 2,
    "seed": 0
  },
  "lora": {
    "target_modules": [
      "q_proj"
    ],
    "rank": 29,
    "alpha": 58,
    "dropout": 0.05,
    "scaling": 2.0,
    "matched_modules": 28,
    "per_target": {
      "q_proj": 28
    },
    "expected_trainable_params": 2494464,
    "total_params": 1543714304,
    "pct_of_total": 0.16158844894657398,
    "actual_trainable_params": 2494464
  },
  "steps_done": 809,
  "wall_time_sec": 367.7502581430017,
  "final_loss": 0.2637830397321118,
  "loss_curve": [
    [
      50,
      0.42271684914827345
    ],
    [
      100,
      0.2639597117900848
    ],
    [
      150,
      0.27073693960905076
    ],
    [
      200,
      0.24545415677130222
    ],
    [
      250,
      0.2632715280354023
    ],
    [
      300,
      0.2506535267829895
    ],
    [
      350,
      0.2784248344600201
    ],
    [
      400,
      0.24762317195534705
    ],
    [
      450,
      0.25475141279399394
    ],
    [
      500,
      0.2518784753233194
    ],
    [
      550,
      0.23704407162964344
    ],
    [
      600,
      0.23944048143923283
    ],
    [
      650,
      0.2609442549198866
    ],
    [
      700,
      0.261685511097312
    ],
    [
      750,
      0.2600805661082268
    ],
    [
      800,
      0.24346303261816502
    ],
    [
      809,
      0.2637830397321118
    ]
  ],
  "dev_curve": [
    {
      "epoch": 1,
      "checkpoint": "/workspace/lora-qwen/checkpoints/headroom/qwen2_1.5b/lr_2em04_ep1",
      "dev_accuracy": 0.802,
      "dev_correct": 401,
      "dev_total": 500
    }
  ],
  "step_curve": [],
  "eval_every_steps": null
}