{
  "lora_config": "configs/E15b_qwen2/q.yaml",
  "data_config": "configs/data/gsm8k_train.yaml",
  "train_config": "configs/train/full.yaml",
  "save_dir": "/workspace/lora-qwen/checkpoints/headroom/qwen2_1.5b/lr_4em04",
  "model_name": "Qwen/Qwen2-1.5B",
  "backend": "custom",
  "device": "cuda",
  "transformers_version": "5.12.1",
  "dataset": "gsm8k_train",
  "data_split": "train",
  "max_examples": null,
  "train_prompt": "instruct",
  "max_length": 1024,
  "train": {
    "num_epochs": 1,
    "learning_rate": 0.0004,
    "lr_schedule": "cosine",
    "weight_decay": 0.0,
    "warmup_ratio": 0.03,
    "per_device_batch_size": 4,
    "grad_accum_steps": 2,
    "seed": 0
  },
  "lora": {
    "target_modules": [
      "q_proj"
    ],
    "rank": 29,
    "alpha": 58,
    "dropout": 0.05,
    "scaling": 2.0,
    "matched_modules": 28,
    "per_target": {
      "q_proj": 28
    },
    "expected_trainable_params": 2494464,
    "total_params": 1543714304,
    "pct_of_total": 0.16158844894657398,
    "actual_trainable_params": 2494464
  },
  "steps_done": 809,
  "wall_time_sec": 385.36921279499074,
  "final_loss": 0.26222774179445374,
  "loss_curve": [
    [
      50,
      0.38432192109525204
    ],
    [
      100,
      0.2634173085540533
    ],
    [
      150,
      0.2711548085510731
    ],
    [
      200,
      0.24779761627316474
    ],
    [
      250,
      0.2642540276050568
    ],
    [
      300,
      0.25242315031588075
    ],
    [
      350,
      0.281145012229681
    ],
    [
      400,
      0.2497452387213707
    ],
    [
      450,
      0.25574642203748227
    ],
    [
      500,
      0.2529286003112793
    ],
    [
      550,
      0.2371724968403578
    ],
    [
      600,
      0.23797037728130818
    ],
    [
      650,
      0.2600669038295746
    ],
    [
      700,
      0.2615825488418341
    ],
    [
      750,
      0.25825651951134204
    ],
    [
      800,
      0.2429991552233696
    ],
    [
      809,
      0.26222774179445374
    ]
  ],
  "dev_curve": [
    {
      "epoch": 1,
      "checkpoint": "/workspace/lora-qwen/checkpoints/headroom/qwen2_1.5b/lr_4em04_ep1",
      "dev_accuracy": 0.778,
      "dev_correct": 389,
      "dev_total": 500
    }
  ],
  "step_curve": [],
  "eval_every_steps": null
}