{
  "lora_config": "configs/E15b_qwen2/q.yaml",
  "data_config": "configs/data/gsm8k_train.yaml",
  "train_config": "configs/train/full.yaml",
  "save_dir": "/workspace/lora-qwen/checkpoints/headroom/qwen2_1.5b/lr_8em04",
  "model_name": "Qwen/Qwen2-1.5B",
  "backend": "custom",
  "device": "cuda",
  "transformers_version": "5.12.1",
  "dataset": "gsm8k_train",
  "data_split": "train",
  "max_examples": null,
  "train_prompt": "instruct",
  "max_length": 1024,
  "train": {
    "num_epochs": 1,
    "learning_rate": 0.0008,
    "lr_schedule": "cosine",
    "weight_decay": 0.0,
    "warmup_ratio": 0.03,
    "per_device_batch_size": 4,
    "grad_accum_steps": 2,
    "seed": 0
  },
  "lora": {
    "target_modules": [
      "q_proj"
    ],
    "rank": 29,
    "alpha": 58,
    "dropout": 0.05,
    "scaling": 2.0,
    "matched_modules": 28,
    "per_target": {
      "q_proj": 28
    },
    "expected_trainable_params": 2494464,
    "total_params": 1543714304,
    "pct_of_total": 0.16158844894657398,
    "actual_trainable_params": 2494464
  },
  "steps_done": 809,
  "wall_time_sec": 361.10269542300375,
  "final_loss": 0.26718006158868474,
  "loss_curve": [
    [
      50,
      0.35999521039426324
    ],
    [
      100,
      0.2706333600729704
    ],
    [
      150,
      0.2827365724742413
    ],
    [
      200,
      0.2589622718840838
    ],
    [
      250,
      0.27636938020586965
    ],
    [
      300,
      0.26700260445475577
    ],
    [
      350,
      0.2942484802007675
    ],
    [
      400,
      0.2595840457081795
    ],
    [
      450,
      0.26341695196926596
    ],
    [
      500,
      0.2609263914078474
    ],
    [
      550,
      0.24473762191832066
    ],
    [
      600,
      0.24410899251699447
    ],
    [
      650,
      0.26559930376708507
    ],
    [
      700,
      0.2657115713506937
    ],
    [
      750,
      0.2637780460715294
    ],
    [
      800,
      0.24746734648942947
    ],
    [
      809,
      0.26718006158868474
    ]
  ],
  "dev_curve": [
    {
      "epoch": 1,
      "checkpoint": "/workspace/lora-qwen/checkpoints/headroom/qwen2_1.5b/lr_8em04_ep1",
      "dev_accuracy": 0.788,
      "dev_correct": 394,
      "dev_total": 500
    }
  ],
  "step_curve": [],
  "eval_every_steps": null
}