{
  "tag": "qwen3_1.7b",
  "rank": 16,
  "lr": 0.0002,
  "base_test": {
    "zeroshot": 0.5458680818802123,
    "fewshot": 0.7088703563305534,
    "instruct": 0.756633813495072
  },
  "lora_test": 0.6641394996209249
}