{
  "lora_config": "configs/E15b_qwen25/all_linear.yaml",
  "data_config": "configs/data/gsm8k_train.yaml",
  "train_config": "configs/train/full.yaml",
  "save_dir": "/workspace/lora-qwen/checkpoints/headroom/qwen25_1.5b/e1_all_linear",
  "model_name": "Qwen/Qwen2.5-1.5B",
  "backend": "custom",
  "device": "cuda",
  "transformers_version": "5.12.1",
  "dataset": "gsm8k_train",
  "data_split": "train",
  "max_examples": null,
  "train_prompt": "instruct",
  "max_length": 1024,
  "train": {
    "num_epochs": 1,
    "learning_rate": 0.0002,
    "lr_schedule": "cosine",
    "weight_decay": 0.0,
    "warmup_ratio": 0.03,
    "per_device_batch_size": 4,
    "grad_accum_steps": 2,
    "seed": 0
  },
  "lora": {
    "target_modules": [
      "q_proj",
      "k_proj",
      "v_proj",
      "o_proj",
      "gate_proj",
      "up_proj",
      "down_proj"
    ],
    "rank": 2,
    "alpha": 4,
    "dropout": 0.05,
    "scaling": 2.0,
    "matched_modules": 196,
    "per_target": {
      "q_proj": 28,
      "k_proj": 28,
      "v_proj": 28,
      "o_proj": 28,
      "gate_proj": 28,
      "up_proj": 28,
      "down_proj": 28
    },
    "expected_trainable_params": 2308096,
    "total_params": 1543714304,
    "pct_of_total": 0.14951574873792192,
    "actual_trainable_params": 2308096
  },
  "steps_done": 809,
  "wall_time_sec": 482.32313779799733,
  "final_loss": 0.3307739984658029,
  "loss_curve": [
    [
      50,
      0.4590836222469807
    ],
    [
      100,
      0.3397273077070713
    ],
    [
      150,
      0.3516508220136166
    ],
    [
      200,
      0.32196563601493833
    ],
    [
      250,
      0.334924376308918
    ],
    [
      300,
      0.3255847851932049
    ],
    [
      350,
      0.3605144400894642
    ],
    [
      400,
      0.3235323151946068
    ],
    [
      450,
      0.3242227819561958
    ],
    [
      500,
      0.32705565258860586
    ],
    [
      550,
      0.31297341153025626
    ],
    [
      600,
      0.31488539054989817
    ],
    [
      650,
      0.33581975355744365
    ],
    [
      700,
      0.33791978627443314
    ],
    [
      750,
      0.33465957537293434
    ],
    [
      800,
      0.31422040015459063
    ],
    [
      809,
      0.3307739984658029
    ]
  ],
  "dev_curve": [
    {
      "epoch": 1,
      "checkpoint": "/workspace/lora-qwen/checkpoints/headroom/qwen25_1.5b/e1_all_linear_ep1",
      "dev_accuracy": 0.682,
      "dev_correct": 341,
      "dev_total": 500
    }
  ],
  "step_curve": [],
  "eval_every_steps": null
}