{
  "lora_config": "configs/E15b_qwen25/qv.yaml",
  "data_config": "configs/data/gsm8k_train.yaml",
  "train_config": "configs/train/full.yaml",
  "save_dir": "/workspace/lora-qwen/checkpoints/headroom/qwen25_1.5b/e1_qv",
  "model_name": "Qwen/Qwen2.5-1.5B",
  "backend": "custom",
  "device": "cuda",
  "transformers_version": "5.12.1",
  "dataset": "gsm8k_train",
  "data_split": "train",
  "max_examples": null,
  "train_prompt": "instruct",
  "max_length": 1024,
  "train": {
    "num_epochs": 1,
    "learning_rate": 0.0002,
    "lr_schedule": "cosine",
    "weight_decay": 0.0,
    "warmup_ratio": 0.03,
    "per_device_batch_size": 4,
    "grad_accum_steps": 2,
    "seed": 0
  },
  "lora": {
    "target_modules": [
      "q_proj",
      "v_proj"
    ],
    "rank": 18,
    "alpha": 36,
    "dropout": 0.05,
    "scaling": 2.0,
    "matched_modules": 56,
    "per_target": {
      "q_proj": 28,
      "v_proj": 28
    },
    "expected_trainable_params": 2451456,
    "total_params": 1543714304,
    "pct_of_total": 0.1588024412061158,
    "actual_trainable_params": 2451456
  },
  "steps_done": 809,
  "wall_time_sec": 364.07095770095475,
  "final_loss": 0.3339335007799996,
  "loss_curve": [
    [
      50,
      0.46029987901449204
    ],
    [
      100,
      0.34158866584300995
    ],
    [
      150,
      0.3540572895109653
    ],
    [
      200,
      0.3250568640232086
    ],
    [
      250,
      0.33879202902317046
    ],
    [
      300,
      0.32903755992650985
    ],
    [
      350,
      0.36385952413082123
    ],
    [
      400,
      0.3268130265176296
    ],
    [
      450,
      0.32804915398359297
    ],
    [
      500,
      0.3303284838795662
    ],
    [
      550,
      0.3167013232409954
    ],
    [
      600,
      0.3192994830012321
    ],
    [
      650,
      0.33984431356191636
    ],
    [
      700,
      0.3414678734540939
    ],
    [
      750,
      0.3388195925951004
    ],
    [
      800,
      0.3184400959312916
    ],
    [
      809,
      0.3339335007799996
    ]
  ],
  "dev_curve": [
    {
      "epoch": 1,
      "checkpoint": "/workspace/lora-qwen/checkpoints/headroom/qwen25_1.5b/e1_qv_ep1",
      "dev_accuracy": 0.712,
      "dev_correct": 356,
      "dev_total": 500
    }
  ],
  "step_curve": [],
  "eval_every_steps": null
}