{
  "lora_config": "configs/E15b_qwen25/qv.yaml",
  "data_config": "configs/data/gsm8k_train.yaml",
  "train_config": "configs/train/full.yaml",
  "save_dir": "/workspace/lora-qwen/checkpoints/headroom/qwen25_1.5b/e2_qv_r8",
  "model_name": "Qwen/Qwen2.5-1.5B",
  "backend": "custom",
  "device": "cuda",
  "transformers_version": "5.12.1",
  "dataset": "gsm8k_train",
  "data_split": "train",
  "max_examples": null,
  "train_prompt": "instruct",
  "max_length": 1024,
  "train": {
    "num_epochs": 1,
    "learning_rate": 0.0002,
    "lr_schedule": "cosine",
    "weight_decay": 0.0,
    "warmup_ratio": 0.03,
    "per_device_batch_size": 4,
    "grad_accum_steps": 2,
    "seed": 0
  },
  "lora": {
    "target_modules": [
      "q_proj",
      "v_proj"
    ],
    "rank": 8,
    "alpha": 16,
    "dropout": 0.05,
    "scaling": 2.0,
    "matched_modules": 56,
    "per_target": {
      "q_proj": 28,
      "v_proj": 28
    },
    "expected_trainable_params": 1089536,
    "total_params": 1543714304,
    "pct_of_total": 0.0705788627582737,
    "actual_trainable_params": 1089536
  },
  "steps_done": 809,
  "wall_time_sec": 365.5522328619845,
  "final_loss": 0.33663686116536456,
  "loss_curve": [
    [
      50,
      0.4890923699736595
    ],
    [
      100,
      0.34551835104823114
    ],
    [
      150,
      0.3560298179090023
    ],
    [
      200,
      0.3265550208091736
    ],
    [
      250,
      0.34063184484839437
    ],
    [
      300,
      0.33138043224811553
    ],
    [
      350,
      0.3661786125600338
    ],
    [
      400,
      0.32879161402583124
    ],
    [
      450,
      0.33061991542577746
    ],
    [
      500,
      0.3322255764901638
    ],
    [
      550,
      0.3190072047710419
    ],
    [
      600,
      0.3219386860728264
    ],
    [
      650,
      0.3424990978837013
    ],
    [
      700,
      0.3436989824473858
    ],
    [
      750,
      0.34143206745386123
    ],
    [
      800,
      0.3202753677964211
    ],
    [
      809,
      0.33663686116536456
    ]
  ],
  "dev_curve": [
    {
      "epoch": 1,
      "checkpoint": "/workspace/lora-qwen/checkpoints/headroom/qwen25_1.5b/e2_qv_r8_ep1",
      "dev_accuracy": 0.696,
      "dev_correct": 348,
      "dev_total": 500
    }
  ],
  "step_curve": [],
  "eval_every_steps": null
}