{
  "lora_config": "configs/E15b_qwen25/q.yaml",
  "data_config": "configs/data/gsm8k_train.yaml",
  "train_config": "configs/train/full.yaml",
  "save_dir": "/workspace/lora-qwen/checkpoints/headroom/qwen25_1.5b/lr_4em04",
  "model_name": "Qwen/Qwen2.5-1.5B",
  "backend": "custom",
  "device": "cuda",
  "transformers_version": "5.12.1",
  "dataset": "gsm8k_train",
  "data_split": "train",
  "max_examples": null,
  "train_prompt": "instruct",
  "max_length": 1024,
  "train": {
    "num_epochs": 1,
    "learning_rate": 0.0004,
    "lr_schedule": "cosine",
    "weight_decay": 0.0,
    "warmup_ratio": 0.03,
    "per_device_batch_size": 4,
    "grad_accum_steps": 2,
    "seed": 0
  },
  "lora": {
    "target_modules": [
      "q_proj"
    ],
    "rank": 29,
    "alpha": 58,
    "dropout": 0.05,
    "scaling": 2.0,
    "matched_modules": 28,
    "per_target": {
      "q_proj": 28
    },
    "expected_trainable_params": 2494464,
    "total_params": 1543714304,
    "pct_of_total": 0.16158844894657398,
    "actual_trainable_params": 2494464
  },
  "steps_done": 809,
  "wall_time_sec": 375.3929429050768,
  "final_loss": 0.3374468187491099,
  "loss_curve": [
    [
      50,
      0.4450420863926411
    ],
    [
      100,
      0.344367006868124
    ],
    [
      150,
      0.35690165966749193
    ],
    [
      200,
      0.3278492674231529
    ],
    [
      250,
      0.3422478701174259
    ],
    [
      300,
      0.33292462036013604
    ],
    [
      350,
      0.3679872111976147
    ],
    [
      400,
      0.329327432513237
    ],
    [
      450,
      0.3306353205442429
    ],
    [
      500,
      0.3328139698505402
    ],
    [
      550,
      0.3187204398214817
    ],
    [
      600,
      0.3218361119925976
    ],
    [
      650,
      0.34160524189472197
    ],
    [
      700,
      0.3438646438717842
    ],
    [
      750,
      0.3406722243130207
    ],
    [
      800,
      0.31919748276472093
    ],
    [
      809,
      0.3374468187491099
    ]
  ],
  "dev_curve": [
    {
      "epoch": 1,
      "checkpoint": "/workspace/lora-qwen/checkpoints/headroom/qwen25_1.5b/lr_4em04_ep1",
      "dev_accuracy": 0.69,
      "dev_correct": 345,
      "dev_total": 500
    }
  ],
  "step_curve": [],
  "eval_every_steps": null
}