{
  "prompt": "instruct",
  "split": "test",
  "num_problems": 1319,
  "base": {
    "accuracy": 0.5504169825625473,
    "correct": 726,
    "total": 1319,
    "wall_time_sec": 276.69212059816346
  }
}